Student_ID,Math_Q,Math_H,Math_Extra,Math_Annual,Science_Q,Science_H,Science_Extra,Science_Annual,English_Q,English_H,English_Extra,English_Annual,Social_Q,Social_H,Social_Extra,Social_Annual,Computer_Q,Computer_H,Computer_Extra,Computer_Annual
S001,35,40,24,48,38,43,24,51,33,38,24,46,36,41,24,49,40,45,24,53
S002,38,43,24,51,41,46,24,54,36,41,24,49,39,44,24,52,43,48,24,56
S003,41,46,24,54,44,49,24,57,39,44,24,52,42,47,24,55,46,51,24,59
S004,44,49,24,57,47,52,24,60,42,47,24,55,45,50,24,58,49,54,24,62
S005,47,52,20,59,50,55,20,62,45,50,20,57,48,53,20,60,52,57,20,64
S006,50,55,20,62,53,58,20,65,48,53,20,60,51,56,20,63,55,60,20,67
S007,53,58,20,65,56,61,20,68,51,56,20,63,54,59,20,66,58,63,20,70
S008,56,61,16,67,59,64,16,70,54,59,16,65,57,62,16,68,61,66,16,72
S009,59,64,16,70,62,67,16,73,57,62,16,68,60,65,16,71,64,69,16,75
S010,62,67,16,73,65,70,16,76,60,65,16,71,63,68,16,74,67,72,16,78
S011,65,70,16,76,68,73,16,79,63,68,16,74,66,71,16,77,70,75,16,81
S012,68,73,12,78,71,76,12,81,66,71,12,76,69,74,12,79,73,78,12,83
S013,71,76,12,81,74,79,12,84,69,74,12,79,72,77,12,82,76,81,12,86
S014,74,79,12,84,77,82,12,87,72,77,12,82,75,80,12,85,79,84,12,89
S015,77,82,8,86,80,85,8,89,75,80,8,84,78,83,8,87,82,87,8,91
S016,80,85,8,89,83,88,8,92,78,83,8,87,81,86,8,90,85,90,8,94
S017,33,38,24,46,36,41,24,49,31,36,24,44,34,39,24,47,38,43,24,51
S018,36,41,24,49,39,44,24,52,34,39,24,47,37,42,24,50,41,46,24,54
S019,39,44,24,52,42,47,24,55,37,42,24,50,40,45,24,53,44,49,24,57
S020,42,47,24,55,45,50,24,58,40,45,24,53,43,48,24,56,47,52,24,60
S021,45,50,20,57,48,53,20,60,43,48,20,55,46,51,20,58,50,55,20,62
S022,48,53,20,60,51,56,20,63,46,51,20,58,49,54,20,61,53,58,20,65
S023,51,56,20,63,54,59,20,66,49,54,20,61,52,57,20,64,56,61,20,68
S024,54,59,20,66,57,62,20,69,52,57,20,64,55,60,20,67,59,64,20,71
S025,57,62,16,68,60,65,16,71,55,60,16,66,58,63,16,69,62,67,16,73
S026,60,65,16,71,63,68,16,74,58,63,16,69,61,66,16,72,65,70,16,76
S027,63,68,16,74,66,71,16,77,61,66,16,72,64,69,16,75,68,73,16,79
S028,66,71,12,76,69,74,12,79,64,69,12,74,67,72,12,77,71,76,12,81
S029,69,74,12,79,72,77,12,82,67,72,12,77,70,75,12,80,74,79,12,84
S030,72,77,12,82,75,80,12,85,70,75,12,80,73,78,12,83,77,82,12,87
S031,75,80,12,85,78,83,12,88,73,78,12,83,76,81,12,86,80,85,12,90
S032,78,83,8,87,81,86,8,90,76,81,8,85,79,84,8,88,83,88,8,92
S033,32,37,24,45,35,40,24,48,30,35,24,43,33,38,24,46,37,42,24,50
S034,35,40,24,48,38,43,24,51,33,38,24,46,36,41,24,49,40,45,24,53
S035,38,43,24,51,41,46,24,54,36,41,24,49,39,44,24,52,43,48,24,56
S036,41,46,24,54,44,49,24,57,39,44,24,52,42,47,24,55,46,51,24,59
S037,44,49,24,57,47,52,24,60,42,47,24,55,45,50,24,58,49,54,24,62
S038,47,52,20,59,50,55,20,62,45,50,20,57,48,53,20,60,52,57,20,64
S039,50,55,20,62,53,58,20,65,48,53,20,60,51,56,20,63,55,60,20,67
S040,53,58,20,65,56,61,20,68,51,56,20,63,54,59,20,66,58,63,20,70
S041,56,61,16,67,59,64,16,70,54,59,16,65,57,62,16,68,61,66,16,72
S042,59,64,16,70,62,67,16,73,57,62,16,68,60,65,16,71,64,69,16,75
S043,62,67,16,73,65,70,16,76,60,65,16,71,63,68,16,74,67,72,16,78
S044,65,70,16,76,68,73,16,79,63,68,16,74,66,71,16,77,70,75,16,81
S045,68,73,12,78,71,76,12,81,66,71,12,76,69,74,12,79,73,78,12,83
S046,71,76,12,81,74,79,12,84,69,74,12,79,72,77,12,82,76,81,12,86
S047,74,79,12,84,77,82,12,87,72,77,12,82,75,80,12,85,79,84,12,89
S048,77,82,8,86,80,85,8,89,75,80,8,84,78,83,8,87,82,87,8,91
S049,80,85,8,89,83,88,8,92,78,83,8,87,81,86,8,90,85,90,8,94
S050,83,88,8,92,86,91,8,95,81,86,8,90,84,89,8,93,88,93,8,97